{
  "name": "Portraits",
  "description": "Character portraits",
  "prefix": "file_",
  "postfix": "_",
  "type": [
    "portrait"
  ],
  "credits": "Strum portrait from Advance Wars 2: Black Hole Rising",
  "version": "25.02.01.1720",
  "uncropped_edge": [
    "l",
    "r",
    "u"
  ],
  "average_size": {
    "x": 1006.3666666666667,
    "y": 2236.383333333333
  },
  "image_sizes": {
    "Adder": {
      "0": {
        "x": 1008,
        "y": 2240
      },
      "1": {
        "x": 1008,
        "y": 2240
      }
    },
    "Andy": {
      "0": {
        "x": 1008,
        "y": 2240
      },
      "1": {
        "x": 1008,
        "y": 2240
      }
    },
    "Colin": {
      "0": {
        "x": 1008,
        "y": 2240
      },
      "1": {
        "x": 1008,
        "y": 2240
      }
    },
    "Drake": {
      "0": {
        "x": 1008,
        "y": 2240
      },
      "1": {
        "x": 1008,
        "y": 2240
      }
    },
    "Eagle": {
      "0": {
        "x": 1008,
        "y": 2240
      },
      "1": {
        "x": 1008,
        "y": 2240
      }
    },
    "Flak": {
      "0": {
        "x": 1008,
        "y": 2240
      },
      "1": {
        "x": 1008,
        "y": 2240
      }
    },
    "Grimm": {
      "0": {
        "x": 1008,
        "y": 2240
      },
      "1": {
        "x": 1008,
        "y": 2240
      }
    },
    "Grit": {
      "0": {
        "x": 1008,
        "y": 2464
      },
      "1": {
        "x": 1008,
        "y": 2464
      },
      "2": {
        "x": 1008,
        "y": 2240
      }
    },
    "Hachi": {
      "0": {
        "x": 1008,
        "y": 2240
      },
      "1": {
        "x": 1008,
        "y": 2240
      }
    },
    "Hawke": {
      "0": {
        "x": 1008,
        "y": 2240
      },
      "1": {
        "x": 1008,
        "y": 2240
      }
    },
    "Jake": {
      "0": {
        "x": 1008,
        "y": 2240
      },
      "1": {
        "x": 1008,
        "y": 2240
      }
    },
    "Javier": {
      "0": {
        "x": 1008,
        "y": 2240
      },
      "1": {
        "x": 1008,
        "y": 2240
      }
    },
    "Jess": {
      "0": {
        "x": 1008,
        "y": 2240
      },
      "1": {
        "x": 1008,
        "y": 2240
      }
    },
    "Jugger": {
      "0": {
        "x": 1008,
        "y": 2240
      },
      "1": {
        "x": 1008,
        "y": 2240
      }
    },
    "Kanbei": {
      "0": {
        "x": 1008,
        "y": 2240
      },
      "1": {
        "x": 1008,
        "y": 2240
      }
    },
    "Kindle": {
      "0": {
        "x": 1008,
        "y": 2464
      },
      "1": {
        "x": 1008,
        "y": 2464
      }
    },
    "Koal": {
      "0": {
        "x": 1008,
        "y": 2240
      },
      "1": {
        "x": 1008,
        "y": 2240
      }
    },
    "Lash": {
      "0": {
        "x": 1008,
        "y": 2240
      },
      "1": {
        "x": 1008,
        "y": 2240
      }
    },
    "Max": {
      "0": {
        "x": 1008,
        "y": 2240
      },
      "1": {
        "x": 1008,
        "y": 2240
      }
    },
    "Nell": {
      "0": {
        "x": 1008,
        "y": 2240
      },
      "1": {
        "x": 1008,
        "y": 2240
      }
    },
    "Olaf": {
      "0": {
        "x": 1008,
        "y": 2240
      },
      "1": {
        "x": 1008,
        "y": 2240
      },
      "2": {
        "x": 1008,
        "y": 2240
      },
      "3": {
        "x": 1008,
        "y": 2240
      }
    },
    "Rachel": {
      "0": {
        "x": 1008,
        "y": 2240
      },
      "1": {
        "x": 1008,
        "y": 2240
      }
    },
    "Sami": {
      "0": {
        "x": 1008,
        "y": 2240
      },
      "1": {
        "x": 1008,
        "y": 2240
      }
    },
    "Sasha": {
      "0": {
        "x": 1008,
        "y": 2240
      },
      "1": {
        "x": 1008,
        "y": 2240
      }
    },
    "Sensei": {
      "0": {
        "x": 1008,
        "y": 2240
      },
      "1": {
        "x": 1008,
        "y": 2240
      }
    },
    "Sonja": {
      "0": {
        "x": 1008,
        "y": 2240
      },
      "1": {
        "x": 1008,
        "y": 2240
      },
      "2": {
        "x": 1008,
        "y": 2240
      },
      "3": {
        "x": 1008,
        "y": 2240
      }
    },
    "Sturm": {
      "0": {
        "x": 910,
        "y": 1127
      }
    },
    "VonBolt": {
      "0": {
        "x": 1008,
        "y": 2240
      },
      "1": {
        "x": 1008,
        "y": 2240
      }
    }
  }
}