{
  "prefix": "vf3_",
  "postfix": "_",
  "type": [
    "icon"
  ],
  "version": "25.05.29.53857",
  "eyesights": {
    "01": {
      "0": {
        "x": 295,
        "y": 119
      }
    },
    "02": {
      "0": {
        "x": 205,
        "y": 146
      }
    },
    "03": {
      "0": {
        "x": 332,
        "y": 143
      }
    },
    "04": {
      "0": {
        "x": 307,
        "y": 159
      }
    },
    "05": {
      "0": {
        "x": 301,
        "y": 151
      }
    },
    "06": {
      "0": {
        "x": 283,
        "y": 124
      }
    },
    "07": {
      "0": {
        "x": 296,
        "y": 176
      }
    },
    "08": {
      "0": {
        "x": 188,
        "y": 131
      }
    },
    "09": {
      "0": {
        "x": 219,
        "y": 119
      }
    },
    "10": {
      "0": {
        "x": 207,
        "y": 141
      }
    },
    "11": {
      "0": {
        "x": 303,
        "y": 152
      }
    },
    "12": {
      "0": {
        "x": 216,
        "y": 234
      }
    },
    "13": {
      "0": {
        "x": 226,
        "y": 134
      }
    }
  },
  "average_size": {
    "x": 496.0,
    "y": 293.53846153846155
  },
  "image_sizes": {
    "01": {
      "0": {
        "x": 496,
        "y": 286
      }
    },
    "02": {
      "0": {
        "x": 496,
        "y": 286
      }
    },
    "03": {
      "0": {
        "x": 496,
        "y": 286
      }
    },
    "04": {
      "0": {
        "x": 496,
        "y": 286
      }
    },
    "05": {
      "0": {
        "x": 496,
        "y": 286
      }
    },
    "06": {
      "0": {
        "x": 496,
        "y": 286
      }
    },
    "07": {
      "0": {
        "x": 496,
        "y": 286
      }
    },
    "08": {
      "0": {
        "x": 496,
        "y": 286
      }
    },
    "09": {
      "0": {
        "x": 496,
        "y": 286
      }
    },
    "10": {
      "0": {
        "x": 496,
        "y": 286
      }
    },
    "11": {
      "0": {
        "x": 496,
        "y": 286
      }
    },
    "12": {
      "0": {
        "x": 496,
        "y": 384
      }
    },
    "13": {
      "0": {
        "x": 496,
        "y": 286
      }
    }
  }
}