{
  "prefix": "file_",
  "postfix": "_",
  "type": [
    "icon"
  ],
  "version": "25.06.13.67948",
  "average_size": {
    "x": 165.72740845401293,
    "y": 214.01960784313727
  },
  "rescaling_factor": {
    "BabyDaisy": {
      "4": 0.36900369003690037
    },
    "BabyLuigi": {
      "2": 0.37037037037037035
    },
    "BabyMario": {
      "3": 0.37037037037037035
    },
    "BabyPeach": {
      "4": 0.37593984962406013
    },
    "BabyRosalina": {
      "4": 0.3412969283276451
    },
    "Birdo": {
      "2": 0.37037037037037035
    },
    "Bowser": {
      "4": 0.37037037037037035
    },
    "BowserJr": {
      "3": 0.29239766081871343
    },
    "Cataquack": {
      "0": 0.42735042735042733
    },
    "CharginChuck": {
      "0": 0.3448275862068966
    },
    "CheepCheep": {
      "0": 0.18214936247723132
    },
    "CoinCoffer": {
      "0": 0.37593984962406013
    },
    "Conkdor": {
      "0": 0.5050505050505051
    },
    "Cow": {
      "0": 0.37037037037037035
    },
    "Daisy": {
      "6": 0.37037037037037035
    },
    "Dolphin": {
      "0": 0.34843205574912894
    },
    "DonkeyKong": {
      "1": 0.37037037037037035
    },
    "DryBones": {
      "0": 0.5050505050505051
    },
    "FishBone": {
      "0": 0.37037037037037035
    },
    "Goomba": {
      "0": 0.5050505050505051
    },
    "HammerBro": {
      "0": 0.3546099290780142
    },
    "KingBoo": {
      "3": 0.37037037037037035
    },
    "KoopaTroopa": {
      "5": 0.37037037037037035
    },
    "Lakitu": {
      "2": 0.373134328358209
    },
    "Luigi": {
      "8": 0.37037037037037035
    },
    "Mario": {
      "9": 0.37037037037037035
    },
    "MontyMole": {
      "0": 0.38022813688212925
    },
    "Nabbit": {
      "0": 0.37037037037037035
    },
    "ParaBiddybud": {
      "0": 0.3787878787878788
    },
    "Pauline": {
      "1": 0.37037037037037035
    },
    "Peach": {
      "8": 0.37037037037037035
    },
    "Peepa": {
      "0": 0.36496350364963503
    },
    "Penguin": {
      "0": 0.37037037037037035
    },
    "Pianta": {
      "0": 0.18450184501845018
    },
    "PiranhaPlant": {
      "0": 0.35714285714285715
    },
    "Pokey": {
      "0": 0.37037037037037035
    },
    "RockyWrench": {
      "0": 0.35335689045936397
    },
    "Rosalina": {
      "4": 0.37037037037037035
    },
    "ShyGuy": {
      "2": 0.35335689045936397
    },
    "Sidestepper": {
      "0": 0.18450184501845018
    },
    "Snowman": {
      "0": 0.3436426116838488
    },
    "Spike": {
      "0": 0.390625
    },
    "Stingby": {
      "0": 0.35587188612099646
    },
    "Swoop": {
      "0": 0.37174721189591076
    },
    "Toad": {
      "4": 0.37593984962406013
    },
    "Toadette": {
      "4": 0.36900369003690037
    },
    "Waluigi": {
      "5": 0.37037037037037035
    },
    "Wario": {
      "7": 0.37037037037037035
    },
    "Wiggler": {
      "0": 0.41841004184100417
    },
    "Yoshi": {
      "8": 0.37037037037037035
    }
  },
  "image_sizes": {
    "BabyDaisy": {
      "0": {
        "x": 201,
        "y": 271
      },
      "1": {
        "x": 210,
        "y": 275
      },
      "2": {
        "x": 210,
        "y": 270
      },
      "3": {
        "x": 210,
        "y": 270
      },
      "4": {
        "x": 207,
        "y": 271
      }
    },
    "BabyLuigi": {
      "0": {
        "x": 203,
        "y": 272
      },
      "1": {
        "x": 210,
        "y": 270
      },
      "2": {
        "x": 210,
        "y": 270
      }
    },
    "BabyMario": {
      "0": {
        "x": 210,
        "y": 271
      },
      "1": {
        "x": 210,
        "y": 270
      },
      "2": {
        "x": 210,
        "y": 270
      },
      "3": {
        "x": 210,
        "y": 270
      }
    },
    "BabyPeach": {
      "0": {
        "x": 207,
        "y": 276
      },
      "1": {
        "x": 207,
        "y": 272
      },
      "2": {
        "x": 210,
        "y": 270
      },
      "3": {
        "x": 210,
        "y": 270
      },
      "4": {
        "x": 215,
        "y": 266
      }
    },
    "BabyRosalina": {
      "0": {
        "x": 206,
        "y": 265
      },
      "1": {
        "x": 210,
        "y": 271
      },
      "2": {
        "x": 210,
        "y": 270
      },
      "3": {
        "x": 210,
        "y": 270
      },
      "4": {
        "x": 208,
        "y": 293
      }
    },
    "Birdo": {
      "0": {
        "x": 210,
        "y": 271
      },
      "1": {
        "x": 210,
        "y": 270
      },
      "2": {
        "x": 210,
        "y": 270
      }
    },
    "Bowser": {
      "0": {
        "x": 177,
        "y": 227
      },
      "1": {
        "x": 210,
        "y": 270
      },
      "2": {
        "x": 212,
        "y": 270
      },
      "3": {
        "x": 227,
        "y": 281
      },
      "4": {
        "x": 210,
        "y": 270
      }
    },
    "BowserJr": {
      "0": {
        "x": 205,
        "y": 276
      },
      "1": {
        "x": 210,
        "y": 270
      },
      "2": {
        "x": 220,
        "y": 289
      },
      "3": {
        "x": 272,
        "y": 342
      }
    },
    "Cataquack": {
      "0": {
        "x": 179,
        "y": 234
      }
    },
    "CharginChuck": {
      "0": {
        "x": 220,
        "y": 290
      }
    },
    "CheepCheep": {
      "0": {
        "x": 416,
        "y": 549
      }
    },
    "CoinCoffer": {
      "0": {
        "x": 205,
        "y": 266
      }
    },
    "Conkdor": {
      "0": {
        "x": 148,
        "y": 198
      }
    },
    "Cow": {
      "0": {
        "x": 210,
        "y": 270
      }
    },
    "Daisy": {
      "0": {
        "x": 177,
        "y": 227
      },
      "1": {
        "x": 205,
        "y": 279
      },
      "2": {
        "x": 210,
        "y": 270
      },
      "3": {
        "x": 210,
        "y": 270
      },
      "4": {
        "x": 210,
        "y": 270
      },
      "5": {
        "x": 210,
        "y": 270
      },
      "6": {
        "x": 210,
        "y": 270
      }
    },
    "Dolphin": {
      "0": {
        "x": 227,
        "y": 287
      }
    },
    "DonkeyKong": {
      "0": {
        "x": 409,
        "y": 535
      },
      "1": {
        "x": 210,
        "y": 270
      }
    },
    "DryBones": {
      "0": {
        "x": 148,
        "y": 198
      }
    },
    "FishBone": {
      "0": {
        "x": 213,
        "y": 270
      }
    },
    "Goomba": {
      "0": {
        "x": 148,
        "y": 198
      }
    },
    "HammerBro": {
      "0": {
        "x": 208,
        "y": 282
      }
    },
    "KingBoo": {
      "0": {
        "x": 216,
        "y": 273
      },
      "1": {
        "x": 210,
        "y": 270
      },
      "2": {
        "x": 210,
        "y": 270
      },
      "3": {
        "x": 210,
        "y": 270
      }
    },
    "KoopaTroopa": {
      "0": {
        "x": 177,
        "y": 227
      },
      "1": {
        "x": 209,
        "y": 272
      },
      "2": {
        "x": 210,
        "y": 270
      },
      "3": {
        "x": 210,
        "y": 270
      },
      "4": {
        "x": 210,
        "y": 270
      },
      "5": {
        "x": 210,
        "y": 270
      }
    },
    "Lakitu": {
      "0": {
        "x": 201,
        "y": 267
      },
      "1": {
        "x": 210,
        "y": 270
      },
      "2": {
        "x": 208,
        "y": 268
      }
    },
    "Luigi": {
      "0": {
        "x": 177,
        "y": 227
      },
      "1": {
        "x": 202,
        "y": 268
      },
      "2": {
        "x": 210,
        "y": 270
      },
      "3": {
        "x": 210,
        "y": 270
      },
      "4": {
        "x": 210,
        "y": 270
      },
      "5": {
        "x": 210,
        "y": 272
      },
      "6": {
        "x": 215,
        "y": 272
      },
      "7": {
        "x": 210,
        "y": 270
      },
      "8": {
        "x": 210,
        "y": 270
      }
    },
    "Mario": {
      "0": {
        "x": 177,
        "y": 223
      },