{
  "prefix": "file_",
  "postfix": "_",
  "type": [
    "icon"
  ],
  "version": "25.09.28.64141",
  "average_size": {
    "x": 77.47082934325783,
    "y": 100.0
  },
  "rescaling_factor": {
    "BabyDaisy": {
      "0": 0.36900369003690037,
      "1": 0.36363636363636365,
      "2": 0.37037037037037035,
      "3": 0.37037037037037035,
      "4": 0.36900369003690037
    },
    "BabyLuigi": {
      "0": 0.36764705882352944,
      "1": 0.37037037037037035,
      "2": 0.37037037037037035
    },
    "BabyMario": {
      "0": 0.36900369003690037,
      "1": 0.37037037037037035,
      "2": 0.37037037037037035,
      "3": 0.37037037037037035
    },
    "BabyPeach": {
      "0": 0.36231884057971014,
      "1": 0.36764705882352944,
      "2": 0.37037037037037035,
      "3": 0.37037037037037035,
      "4": 0.37593984962406013
    },
    "BabyRosalina": {
      "0": 0.37735849056603776,
      "1": 0.36900369003690037,
      "2": 0.37037037037037035,
      "3": 0.37037037037037035,
      "4": 0.3412969283276451
    },
    "Birdo": {
      "0": 0.36900369003690037,
      "1": 0.37037037037037035,
      "2": 0.37037037037037035
    },
    "Bowser": {
      "0": 0.44052863436123346,
      "1": 0.37037037037037035,
      "2": 0.37037037037037035,
      "3": 0.35587188612099646,
      "4": 0.37037037037037035
    },
    "BowserJr": {
      "0": 0.36231884057971014,
      "1": 0.37037037037037035,
      "2": 0.3460207612456747,
      "3": 0.29239766081871343
    },
    "Cataquack": {
      "0": 0.42735042735042733
    },
    "CharginChuck": {
      "0": 0.3448275862068966
    },
    "CheepCheep": {
      "0": 0.18214936247723132
    },
    "CoinCoffer": {
      "0": 0.37593984962406013
    },
    "Conkdor": {
      "0": 0.5050505050505051
    },
    "Cow": {
      "0": 0.37037037037037035
    },
    "Daisy": {
      "0": 0.44052863436123346,
      "1": 0.35842293906810035,
      "2": 0.37037037037037035,
      "3": 0.37037037037037035,
      "4": 0.37037037037037035,
      "5": 0.37037037037037035,
      "6": 0.37037037037037035
    },
    "Dolphin": {
      "0": 0.34843205574912894
    },
    "DonkeyKong": {
      "0": 0.18691588785046728,
      "1": 0.37037037037037035
    },
    "DryBones": {
      "0": 0.5050505050505051
    },
    "FishBone": {
      "0": 0.37037037037037035
    },
    "Goomba": {
      "0": 0.5050505050505051
    },
    "HammerBro": {
      "0": 0.3546099290780142
    },
    "KingBoo": {
      "0": 0.3663003663003663,
      "1": 0.37037037037037035,
      "2": 0.37037037037037035,
      "3": 0.37037037037037035
    },
    "KoopaTroopa": {
      "0": 0.44052863436123346,
      "1": 0.36764705882352944,
      "2": 0.37037037037037035,
      "3": 0.37037037037037035,
      "4": 0.37037037037037035,
      "5": 0.37037037037037035
    },
    "Lakitu": {
      "0": 0.37453183520599254,
      "1": 0.37037037037037035,
      "2": 0.373134328358209
    },
    "Luigi": {
      "0": 0.44052863436123346,
      "1": 0.373134328358209,
      "2": 0.37037037037037035,
      "3": 0.37037037037037035,
      "4": 0.37037037037037035,
      "5": 0.36764705882352944,
      "6": 0.36764705882352944,
      "7": 0.37037037037037035,
      "8": 0.37037037037037035
    },
    "Mario": {
      "0": 0.4484304932735426,
      "1": 0.3508771929824561,
      "2": 0.37037037037037035,
      "3": 0.37037037037037035,
      "4": 0.37037037037037035,
      "5": 0.37174721189591076,
      "6": 0.35587188612099646,
      "7": 0.37037037037037035,
      "8": 0.37037037037037035,
      "9": 0.37037037037037035
    },
    "MontyMole": {
      "0": 0.38022813688212925
    },
    "Nabbit": {
      "0": 0.37037037037037035
    },
    "ParaBiddybud": {
      "0": 0.3787878787878788
    },
    "Pauline": {
      "0": 0.44052863436123346,
      "1": 0.37037037037037035
    },
    "Peach": {
      "0": 0.44052863436123346,
      "1": 0.3401360544217687,
      "2": 0.37037037037037035,
      "3": 0.37453183520599254,
      "4": 0.37037037037037035,
      "5": 0.37037037037037035,
      "6": 0.37735849056603776,
      "7": 0.37037037037037035,
      "8": 0.37037037037037035
    },
    "Peepa": {
      "0": 0.36496350364963503
    },
    "Penguin": {
      "0": 0.37037037037037035
    },
    "Pianta": {
      "0": 0.18450184501845018
    },
    "PiranhaPlant": {
      "0": 0.35714285714285715
    },
    "Pokey": {
      "0": 0.37037037037037035
    },
    "RockyWrench": {
      "0": 0.35335689045936397
    },
    "Rosalina": {
      "0": 0.44052863436123346,
      "1": 0.3597122302158273,
      "2": 0.37037037037037035,
      "3": 0.352112676056338,
      "4": 0.37037037037037035
    },
    "ShyGuy": {
      "0": 0.373134328358209,
      "1": 0.37037037037037035,
      "2": 0.35335689045936397
    },
    "Sidestepper": {
      "0": 0.18450184501845018
    },
    "Snowman": {
      "0": 0.3436426116838488
    },
    "Spike": {
      "0": 0.390625
    },
    "Stingby": {
      "0": 0.35587188612099646
    },
    "Swoop": {
      "0": 0.37174721189591076
    },
    "Toad": {
      "0": 0.44052863436123346,
      "1": 0.37037037037037035,
      "2": 0.37037037037037035,
      "3": 0.3508771929824561,
      "4": 0.37593984962406013
    },
    "Toadette": {
      "0": 0.3787878787878788,
      "1": 0.37037037037037035,
      "2": 0.37037037037037035,
      "3": 0.352112676056338,
      "4": 0.36900369003690037
    },
    "Waluigi": {
      "0": 0.44052863436123346,
      "1": 0.37037037037037035,
      "2": 0.37037037037037035,
      "3": 0.3663003663003663,
      "4": 0.35335689045936397,
      "5": 0.37037037037037035
    },
    "Wario": {
      "0": 0.44052863436123346,
      "1": 0.37037037037037035,
      "2": 0.37037037037037035,
      "3": 0.37037037037037035,
      "4": 0.36101083032490977,
      "5": 0.37037037037037035,
      "6": 0.37037037037037035,
      "7": 0.37037037037037035
    },
    "Wiggler": {
      "0": 0.41841004184100417
    },
    "Yoshi": {
      "0": 0.44052863436123346,
      "1": 0.37037037037037035,
      "2": 0.37037037037037035,
      "3": 0.37037037037037035,
      "4": 0.37037037037037035,
      "5": 0.352112676056338,
      "6": 0.37037037037037035,
      "7": 0.36231884057971014,
      "8": 0.37037037037037035
    }
  },
  "image_sizes": {
    "BabyDaisy": {
      "0": {
        "x": 201,
        "y": 271
      },
      "1": {
        "x": 210,
        "y": 275
      },
      "2": {
        "x": 210,
        "y": 270
      },
      "3": {
        "x": 210,
        "y": 270
      },
      "4": {
        "x": 207,
        "y": 271
      }
    },
    "BabyLuigi": {
      "0": {
        "x": 203,
        "y": 272
      },
      "1": {
        "x": 210,
        "y": 270
      },
      "2": {
        "x": 210,
        "y": 270
      }
    },
    "BabyMario": {
      "0": {
        "x": 210,
        "y": 271
      },
      "1": {
        "x": 210,
        "y": 270
      },
      "2": {
        "x": 210,
        "y": 270
      },
      "3": {
        "x": 210,
        "y": 270
      }
    },
    "BabyPeach": {
      "0": {
        "x": 207,
        "y": 276
      },
      "1": {
        "x": 207,
        "y": 272
      },
      "2": {
        "x": 210,
        "y": 270
      },
      "3": {
        "x": 210,
        "y": 270
      },
      "4": {
        "x": 215,
        "y": 266
      }
    },
    "BabyRosalina": {
      "0": {
        "x": 206,
        "y": 265
      },
      "1": {
        "x": 210,
        "y": 271
      },
      "2": {
        "x": 210,
        "y": 270
      },
      "3": {
        "x": 210,
        "y": 270
      },
      "4": {
        "x": 208,
        "y": 293
      }
    },
    "Birdo": {
      "0": {
        "x": 210,
        "y": 271
      },
      "1": {
        "x": 210,
        "y": 270
      },
      "2": {
        "x": 210,
        "y": 270
      }
    },
    "Bowser": {
      "0": {
        "x": 177,
        "y": 227
      },
      "1": {
        "x": 210,
        "y": 270
      },
      "2": {
        "x": 212,