{
  "prefix": "file_",
  "postfix": "_",
  "type": [
    "icon"
  ],
  "version": "25.05.29.53856",
  "average_size": {
    "x": 277.0,
    "y": 584.8235294117648
  },
  "rescaling_factor": {
    "BabyDaisy": {
      "4": 0.36900369003690037
    },
    "BabyLuigi": {
      "2": 0.37037037037037035
    },
    "BabyMario": {
      "3": 0.37037037037037035
    },
    "BabyPeach": {
      "4": 0.37593984962406013
    },
    "BabyRosalina": {
      "4": 0.3412969283276451
    },
    "Birdo": {
      "2": 0.37037037037037035
    },
    "Bowser": {
      "4": 0.37037037037037035
    },
    "BowserJr": {
      "3": 0.29239766081871343
    },
    "Cataquack": {
      "0": 0.42735042735042733
    },
    "CharginChuck": {
      "0": 0.3448275862068966
    },
    "CheepCheep": {
      "0": 0.18214936247723132
    },
    "CoinCoffer": {
      "0": 0.37593984962406013
    },
    "Conkdor": {
      "0": 0.5050505050505051
    },
    "Cow": {
      "0": 0.37037037037037035
    },
    "Daisy": {
      "6": 0.37037037037037035
    },
    "Dolphin": {
      "0": 0.34843205574912894
    },
    "DonkeyKong": {
      "1": 0.37037037037037035
    },
    "DryBones": {
      "0": 0.5050505050505051
    },
    "FishBone": {
      "0": 0.37037037037037035
    },
    "Goomba": {
      "0": 0.5050505050505051
    },
    "HammerBro": {
      "0": 0.3546099290780142
    },
    "KingBoo": {
      "3": 0.37037037037037035
    },
    "KoopaTroopa": {
      "5": 0.37037037037037035
    },
    "Lakitu": {
      "2": 0.373134328358209
    },
    "Luigi": {
      "8": 0.37037037037037035
    },
    "Mario": {
      "9": 0.37037037037037035
    },
    "MontyMole": {
      "0": 0.38022813688212925
    },
    "Nabbit": {
      "0": 0.37037037037037035
    },
    "ParaBiddybud": {
      "0": 0.3787878787878788
    },
    "Pauline": {
      "1": 0.37037037037037035
    },
    "Peach": {
      "8": 0.37037037037037035
    },
    "Peepa": {
      "0": 0.36496350364963503
    },
    "Penguin": {
      "0": 0.37037037037037035
    },
    "Pianta": {
      "0": 0.18450184501845018
    },
    "PiranhaPlant": {
      "0": 0.35714285714285715
    },
    "Pokey": {
      "0": 0.37037037037037035
    },
    "RockyWrench": {
      "0": 0.35335689045936397
    },
    "Rosalina": {
      "4": 0.37037037037037035
    },
    "ShyGuy": {
      "2": 0.35335689045936397
    },
    "Sidestepper": {
      "0": 0.18450184501845018
    },
    "Snowman": {
      "0": 0.3436426116838488
    },
    "Spike": {
      "0": 0.390625
    },
    "Stingby": {
      "0": 0.35587188612099646
    },
    "Swoop": {
      "0": 0.37174721189591076
    },
    "Toad": {
      "4": 0.37593984962406013
    },
    "Toadette": {
      "4": 0.36900369003690037
    },
    "Waluigi": {
      "5": 0.37037037037037035
    },
    "Wario": {
      "7": 0.37037037037037035
    },
    "Wiggler": {
      "0": 0.41841004184100417
    },
    "Yoshi": {
      "8": 0.37037037037037035
    }
  }
}