{
  "name": "Portraits",
  "description": "Character portraits",
  "prefix": "123941_",
  "postfix": "_",
  "type": [
    "full"
  ],
  "credits": "",
  "version": "25.05.29.53856",
  "uncropped_edge": [
    "r",
    "u",
    "l"
  ],
  "eyesights": {
    "01": {
      "0": {
        "x": 223,
        "y": 53
      }
    },
    "02": {
      "0": {
        "x": 214,
        "y": 52
      }
    },
    "03": {
      "0": {
        "x": 201,
        "y": 46
      }
    },
    "04": {
      "0": {
        "x": 180,
        "y": 95
      }
    },
    "05": {
      "0": {
        "x": 150,
        "y": 42
      }
    },
    "06": {
      "0": {
        "x": 112,
        "y": 65
      }
    },
    "07": {
      "0": {
        "x": 181,
        "y": 36
      }
    },
    "09": {
      "0": {
        "x": 215,
        "y": 47
      }
    },
    "10": {
      "0": {
        "x": 150,
        "y": 107
      }
    },
    "11": {
      "0": {
        "x": 172,
        "y": 73
      }
    },
    "12": {
      "0": {
        "x": 174,
        "y": 46
      }
    },
    "13": {
      "0": {
        "x": 240,
        "y": 59
      }
    }
  },
  "average_size": {
    "x": 346.5833333333333,
    "y": 196.5
  },
  "image_sizes": {
    "01": {
      "0": {
        "x": 443,
        "y": 208
      }
    },
    "02": {
      "0": {
        "x": 343,
        "y": 205
      }
    },
    "03": {
      "0": {
        "x": 320,
        "y": 200
      }
    },
    "04": {
      "0": {
        "x": 369,
        "y": 198
      }
    },
    "05": {
      "0": {
        "x": 330,
        "y": 200
      }
    },
    "06": {
      "0": {
        "x": 292,
        "y": 198
      }
    },
    "07": {
      "0": {
        "x": 335,
        "y": 182
      }
    },
    "09": {
      "0": {
        "x": 342,
        "y": 192
      }
    },
    "10": {
      "0": {
        "x": 311,
        "y": 205
      }
    },
    "11": {
      "0": {
        "x": 218,
        "y": 188
      }
    },
    "12": {
      "0": {
        "x": 390,
        "y": 182
      }
    },
    "13": {
      "0": {
        "x": 466,
        "y": 200
      }
    }
  }
}