{
  "name": "Tableturf Art",
  "version": "4.02",
  "description": "Art used in the Tableturf Battle mode",
  "prefix": "card_",
  "postfix": "",
  "type": [
    "card"
  ],
  "uncropped_edge": [
    "u",
    "d",
    "l",
    "r"
  ],
  "rescaling_factor": {
    "96GalDeco": 0.7170868347338936,
    "AerosprayRG": 0.7170868347338936,
    "BigSwigRoller": 0.7170868347338936,
    "CarbonRollerDeco": 0.7170868347338936,
    "ClashBlasterNeo": 0.7170868347338936,
    "CustomJetSquelcher": 0.7170868347338936,
    "CustomSplattershotJr": 0.7170868347338936,
    "DappleDualiesNouveau": 0.7170868347338936,
    "ForgeSplattershotPro": 0.7170868347338936,
    "InkbrushNouveau": 0.7170868347338936,
    "KrakOnSplatRoller": 0.7170868347338936,
    "L3NozzlenoseD": 0.7170868347338936,
    "LunaBlasterNeo": 0.7170868347338936,
    "NZAP'89": 0.7170868347338936,
    "NeoSplashomatic": 0.7170868347338936,
    "NeoSplooshomatic": 0.7170868347338936,
    "RapidBlasterDeco": 0.7170868347338936,
    "SlosherDeco": 0.7170868347338936,
    "Snipewriter5H": 0.7170868347338936,
    "SplattershotNova": 0.7170868347338936,
    "TentatekSplattershot": 0.7170868347338936,
    "TriSlosherNouveau": 0.7170868347338936,
    "Z+FSplatCharger": 0.7170868347338936,
    "Z+FSplatterscope": 0.7170868347338936,
    "ZinkMiniSplatling": 0.7170868347338936,
    "AnnakiSplattershotNova": 0.7170868347338936,
    "BigSwigRollerExpress": 0.7170868347338936,
    "CustomDualieSquelchers": 0.7170868347338936,
    "H3NozzlenoseD": 0.7170868347338936,
    "HeavySplatlingDeco": 0.7170868347338936,
    "LightTetraDualies": 0.7170868347338936,
    "Painbrush": 0.7170868347338936,
    "RapidBlasterProDeco": 0.7170868347338936,
    "SBLAST'92": 0.7170868347338936,
    "SplatanaWiperDeco": 0.7170868347338936,
    "TentaSorellaBrella": 0.7170868347338936
  }
}