{
  "name": "Tableturf Art",
  "version": "26.02.26.43498",
  "description": "Art used in the Tableturf Battle mode",
  "prefix": "card_",
  "postfix": "_",
  "type": [
    "card"
  ],
  "uncropped_edge": [
    "u",
    "d",
    "l",
    "r"
  ],
  "rescaling_factor": {
    "96GalDeco": {
      "0": 0.7170868347338936
    },
    "AerosprayRG": {
      "0": 0.7170868347338936
    },
    "BigSwigRoller": {
      "0": 0.7170868347338936
    },
    "CarbonRollerDeco": {
      "0": 0.7170868347338936
    },
    "ClashBlasterNeo": {
      "0": 0.7170868347338936
    },
    "CustomJetSquelcher": {
      "0": 0.7170868347338936
    },
    "CustomSplattershotJr": {
      "0": 0.7170868347338936
    },
    "DappleDualiesNouveau": {
      "0": 0.7170868347338936
    },
    "ForgeSplattershotPro": {
      "0": 0.7170868347338936
    },
    "InkbrushNouveau": {
      "0": 0.7170868347338936
    },
    "KrakOnSplatRoller": {
      "0": 0.7170868347338936
    },
    "L3NozzlenoseD": {
      "0": 0.7170868347338936
    },
    "LunaBlaster": {
      "0": 0.7170868347338936
    },
    "LunaBlasterNeo": {
      "0": 0.7170868347338936
    },
    "NZAP'89": {
      "0": 0.7170868347338936
    },
    "NeoSplashomatic": {
      "0": 0.7170868347338936
    },
    "NeoSplooshomatic": {
      "0": 0.7170868347338936
    },
    "RapidBlasterDeco": {
      "0": 0.7170868347338936
    },
    "SlosherDeco": {
      "0": 0.7170868347338936
    },
    "Snipewriter5H": {
      "0": 0.7170868347338936
    },
    "SplattershotNova": {
      "0": 0.7170868347338936
    },
    "TentatekSplattershot": {
      "0": 0.7170868347338936
    },
    "TriSlosherNouveau": {
      "0": 0.7170868347338936
    },
    "Z+FSplatCharger": {
      "0": 0.7170868347338936
    },
    "Z+FSplatterscope": {
      "0": 0.7170868347338936
    },
    "ZinkMiniSplatling": {
      "0": 0.7170868347338936
    },
    "AnnakiSplattershotNova": {
      "0": 0.7170868347338936
    },
    "BigSwigRollerExpress": {
      "0": 0.7170868347338936
    },
    "CustomDualieSquelchers": {
      "0": 0.7170868347338936
    },
    "H3NozzlenoseD": {
      "0": 0.7170868347338936
    },
    "HeavySplatlingDeco": {
      "0": 0.7170868347338936
    },
    "LightTetraDualies": {
      "0": 0.7170868347338936
    },
    "Painbrush": {
      "0": 0.7170868347338936
    },
    "RapidBlasterProDeco": {
      "0": 0.7170868347338936
    },
    "SBLAST'92": {
      "0": 0.7170868347338936
    },
    "SplatanaWiperDeco": {
      "0": 0.7170868347338936
    },
    "TentaSorellaBrella": {
      "0": 0.7170868347338936
    },
    "BallpointSplatlingNouveau": {
      "0": 0.7170868347338936
    },
    "BloblobberDeco": {
      "0": 0.7170868347338936
    },
    "CustomGooTuber": {
      "0": 0.7170868347338936
    },
    "DreadWringer": {
      "0": 0.7170868347338936
    },
    "GoldDynamoRoller": {
      "0": 0.7170868347338936
    },
    "HeavyEditSplatling": {
      "0": 0.7170868347338936
    },
    "InklineTriStringer": {
      "0": 0.7170868347338936
    },
    "OctobrushNouveau": {
      "0": 0.7170868347338936
    },
    "SloshingMachineNeo": {
      "0": 0.7170868347338936
    },
    "SorellaBrella": {
      "0": 0.7170868347338936
    },
    "CustomBlaster": {
      "0": 0.7191011235955056
    },
    "EnperrySplatDualies": {
      "0": 0.7191011235955056
    },
    "FoilSqueezer": {
      "0": 0.7191011235955056
    },
    "PainbrushNouveau": {
      "0": 0.7191011235955056
    },
    "REEFLUX450Deco": {
      "0": 0.7191011235955056
    },
    "SBLAST'91": {
      "0": 0.7191011235955056
    },
    "Snipewriter5B": {
      "0": 0.7191011235955056
    },
    "UndercoverSorellaBrella": {
      "0": 0.7191011235955056
    },
    "52GalDeco": {
      "0": 0.7345767575322812
    },
    "CustomEliter4K": {
      "0": 0.7345767575322812
    },
    "CustomEliter4KScope": {
      "0": 0.7345767575322812
    },
    "CustomExplosher": {
      "0": 0.7345767575322812
    },
    "DouserDualiesFF": {
      "0": 0.7345767575322812
    },
    "DreadWringerD": {
      "0": 0.7345767575322812
    },
    "FoilFlingzaRoller": {
      "0": 0.7345767575322812
    },
    "GloogaDualiesDeco": {
      "0": 0.7345767575322812
    },
    "Nautilus79": {
      "0": 0.7345767575322812
    },
    "NewSquiffer": {
      "0": 0.7345767575322812
    },
    "RecycledBrella24MkI": {
      "0": 0.7345767575322812
    },
    "SplatanaStamperNouveau": {
      "0": 0.7191011235955056
    },
    "Bamboozler14MkII": {
      "0": 0.7345767575322812
    },
    "CharcoalDecavitator": {
      "0": 0.7345767575322812
    },
    "CustomDouserDualiesFF": {
      "0": 0.7345767575322812
    },
    "CustomHydraSplatling": {
      "0": 0.7345767575322812
    },
    "CustomRangeBlaster": {
      "0": 0.7345767575322812
    },
    "CustomWellstringV": {
      "0": 0.7345767575322812
    },
    "HeavyEditSplatlingNouveau": {
      "0": 0.7345767575322812
    },
    "MintDecavitator": {
      "0": 0.7345767575322812
    },
    "RecycledBrella24MkII": {
      "0": 0.7345767575322812
    },
    "WellstringV": {
      "0": 0.7345767575322812
    }
  },
  "average_size": {
    "x": 368.1814111874165,
    "y": 512.0
  },
  "image_sizes": {
    "52Gal": {
      "0": {
        "x": 366,
        "y": 512
      }
    },
    "52GalDeco": {
      "0": {
        "x": 512,
        "y": 697
      }
    },
    "96Gal": {
      "0": {
        "x": 366,
        "y": 512
      }
    },
    "96GalDeco": {
      "0": {
        "x": 512,
        "y": 714
      }
    },
    "AerosprayMG": {
      "0": {
        "x": 366,
        "y": 512
      }
    },
    "AerosprayRG": {
      "0": {
        "x": 512,
        "y": 714
      }
    },
    "AnnakiSplattershotNova": {
      "0": {
        "x": 512,
        "y": 714
      }
    },
    "BallpointSplatling": {
      "0": {
        "x": 366,
        "y": 512
      }
    },
    "BallpointSplatlingNouveau": {
      "0": {
        "x": 512,
        "y": 714
      }
    },
    "Bamboozler14MkI": {
      "0": {
        "x": 366,
        "y": 512
      }
    },
    "Bamboozler14MkII": {
      "0": {
        "x": 512,
        "y": 697
      }
    },
    "BigSwigRoller": {
      "0": {
        "x": 512,
        "y": 714
      }
    },
    "BigSwigRollerExpress": {
      "0": {
        "x": 512,
        "y": 714
      }
    },
    "Blaster": {
      "0": {
        "x": 366,
        "y": 512
      }
    },
    "Bloblobber": {
      "0": {
        "x": 366,
        "y": 512
      }
    },
    "BloblobberDeco": {
      "0": {
        "x": 512,
        "y": 714
      }
    },
    "CarbonRoller": {
      "0": {
        "x": 366,
        "y": 512
      }
    },
    "CarbonRollerDeco": {
      "0": {
        "x": 512,
        "y": 714
      }
    },
    "CharcoalDecavitator": {
      "0": {
        "x": 512,
        "y": 697
      }
    },
    "ClashBlaster": {
      "0": {
        "x": 366,
        "y": 512
      }
    },
    "ClashBlasterNeo": {
      "0": {
        "x": 512,
        "y": 714
      }
    },
    "ClassicSquiffer": {
      "0": {
        "x": 366,
        "y": 512
      }
    },
    "CustomBlaster": {
      "0": {
        "x": 512,
        "y": 712
      }
    },
    "CustomDouserDualiesFF": {
      "0": {
        "x": 512,
        "y": 697
      }
    },
    "CustomDualieSquelchers": {
      "0": {
        "x": 512,
        "y": 714
      }
    },
    "CustomEliter4K": {
      "0": {
        "x": 512,
        "y": 697
      }
    },
    "CustomEliter4KScope": {
      "0": {
        "x": 512,
        "y": 697
      }
    },
    "CustomExplosher": {
      "0": {
        "x": 512,
        "y": 697
      }
    },
    "CustomGooTuber": {
      "0": {
        "x": 512,
        "y": 714
      }
    },
    "CustomHydraSplatling": {
      "0": {
        "x": 512,
        "y": 697
      }
    },
    "CustomJetSquelcher": {
      "0": {
        "x": 512,
        "y": 714
      }
    },
    "CustomRangeBlaster": {
      "0": {
        "x": 512,