{
  "prefix": "file_",
  "postfix": "_",
  "type": [
    "icon"
  ],
  "version": "25.05.29.53856",
  "rescaling_factor": {
    "Ayane": {
      "0": 1.0
    },
    "BassArmstrong": {
      "0": 1.0
    },
    "Bayman": {
      "0": 0.8
    },
    "BradWong": {
      "0": 0.8
    },
    "Christie": {
      "0": 1.0
    },
    "Diego": {
      "0": 1.0
    },
    "Eliot": {
      "0": 1.0
    },
    "Hayate": {
      "0": 1.0
    },
    "HelenaDouglas": {
      "0": 0.6789250353606789
    },
    "Hitomi": {
      "0": 1.0
    },
    "Honoka": {
      "0": 0.8
    },
    "JannLee": {
      "0": 0.8
    },
    "Kasumi": {
      "0": 0.8
    },
    "Kokoro": {
      "0": 1.0
    },
    "KulaDiamond": {
      "0": 0.6789250353606789
    },
    "Leifang": {
      "0": 0.8
    },
    "LisaHamilton": {
      "0": 1.0
    },
    "MaiShiranui": {
      "0": 1.0105263157894737
    },
    "MarieRose": {
      "0": 0.8
    },
    "Mila": {
      "0": 0.8
    },
    "Momiji": {
      "0": 0.6789250353606789
    },
    "NiCO": {
      "0": 0.6789250353606789
    },
    "Nyotengu": {
      "0": 0.8
    },
    "Phase4": {
      "0": 0.8
    },
    "Rachel": {
      "0": 0.6789250353606789
    },
    "Raidou": {
      "0": 0.8
    },
    "Rig": {
      "0": 0.8
    },
    "RyuHayabusa": {
      "0": 1.0
    },
    "Tamaki": {
      "0": 0.633245382585752
    },
    "TinaArmstrong": {
      "0": 0.8
    },
    "Zack": {
      "0": 0.8
    }
  }
}