{
  "name": "Artwork",
  "description": "Character artwork",
  "prefix": "",
  "postfix": "_",
  "type": [
    "art"
  ],
  "credits": "",
  "version": "26.02.13.37773",
  "eyesights": {
    "Ai.Mi": {
      "0": {
        "x": 1504,
        "y": 1763
      }
    },
    "Asher": {
      "0": {
        "x": 3126,
        "y": 1145
      }
    },
    "Atlas": {
      "0": {
        "x": 1636,
        "y": 715
      }
    },
    "Drek_ar": {
      "0": {
        "x": 791,
        "y": 1276
      }
    },
    "Dubu": {
      "0": {
        "x": 2458,
        "y": 1408
      }
    },
    "Era": {
      "0": {
        "x": 3267,
        "y": 1880
      }
    },
    "Estelle": {
      "0": {
        "x": 2187,
        "y": 911
      }
    },
    "Finii": {
      "0": {
        "x": 2770,
        "y": 1876
      }
    },
    "Juliette": {
      "0": {
        "x": 2789,
        "y": 1601
      }
    },
    "Juno": {
      "0": {
        "x": 1247,
        "y": 1192
      }
    },
    "Kai": {
      "0": {
        "x": 2613,
        "y": 857
      }
    },
    "Kazan": {
      "0": {
        "x": 4109,
        "y": 2494
      }
    },
    "Luna": {
      "0": {
        "x": 1979,
        "y": 1690
      }
    },
    "Mako": {
      "0": {
        "x": 1187,
        "y": 512
      }
    },
    "Nao": {
      "0": {
        "x": 308,
        "y": 588
      }
    },
    "Octavia": {
      "0": {
        "x": 531,
        "y": 795
      }
    },
    "Rasmus": {
      "0": {
        "x": 1558,
        "y": 2224
      }
    },
    "Rune": {
      "0": {
        "x": 3558,
        "y": 1361
      }
    },
    "Vyce": {
      "0": {
        "x": 1406,
        "y": 707
      }
    },
    "X": {
      "0": {
        "x": 3732,
        "y": 1876
      }
    },
    "Zentaro": {
      "0": {
        "x": 1696,
        "y": 1624
      }
    }
  },
  "rescaling_factor": {
    "Ai.Mi": {
      "0": 1.1116051578479325
    },
    "Asher": {
      "0": 1.0030090270812437
    },
    "Atlas": {
      "0": 1.3713658804168953
    },
    "Drek_ar": {
      "0": 1.0
    },
    "Dubu": {
      "0": 1.183151916706105
    },
    "Era": {
      "0": 1.0
    },
    "Estelle": {
      "0": 1.25
    },
    "Finii": {
      "0": 1.2
    },
    "Juliette": {
      "0": 0.9182736455463728
    },
    "Juno": {
      "0": 1.3199577613516367
    },
    "Kai": {
      "0": 1.25
    },
    "Kazan": {
      "0": 1.4
    },
    "Luna": {
      "0": 1.1717834544176235
    },
    "Mako": {
      "0": 2.44140625
    },
    "Nao": {
      "0": 2.44140625
    },
    "Octavia": {
      "0": 2.44140625
    },
    "Rasmus": {
      "0": 0.8468834688346883
    },
    "Rune": {
      "0": 0.9233610341643582
    },
    "Vyce": {
      "0": 2.44140625
    },
    "X": {
      "0": 1.0
    },
    "Zentaro": {
      "0": 1.1684973124561813
    }
  },
  "average_size": {
    "x": 5422.279147194537,
    "y": 5494.371279761905
  },
  "image_sizes": {
    "Ai.Mi": {
      "0": {
        "x": 4443,
        "y": 4498
      }
    },
    "Asher": {
      "0": {
        "x": 4986,
        "y": 4985
      }
    },
    "Atlas": {
      "0": {
        "x": 3600,
        "y": 3646
      }
    },
    "Drek_ar": {
      "0": {
        "x": 5000,
        "y": 5000
      }
    },
    "Dubu": {
      "0": {
        "x": 4216,
        "y": 4226
      }
    },
    "Era": {
      "0": {
        "x": 5582,
        "y": 5000
      }
    },
    "Estelle": {
      "0": {
        "x": 4208,
        "y": 4000
      }
    },
    "Finii": {
      "0": {
        "x": 4497,
        "y": 5000
      }
    },
    "Juliette": {
      "0": {
        "x": 5009,
        "y": 5445
      }
    },
    "Juno": {
      "0": {
        "x": 3994,
        "y": 3788
      }
    },
    "Kai": {
      "0": {
        "x": 3980,
        "y": 4000
      }
    },
    "Kazan": {
      "0": {
        "x": 9250,
        "y": 10475
      }
    },
    "Luna": {
      "0": {
        "x": 3791,
        "y": 4267
      }
    },
    "Mako": {
      "0": {
        "x": 2048,
        "y": 2047
      }
    },
    "Nao": {
      "0": {
        "x": 1966,
        "y": 1936
      }
    },
    "Octavia": {
      "0": {
        "x": 2046,
        "y": 2046
      }
    },
    "Rasmus": {
      "0": {
        "x": 6177,
        "y": 5904
      }
    },
    "Rune": {
      "0": {
        "x": 5352,
        "y": 5415
      }
    },
    "Vyce": {
      "0": {
        "x": 2048,
        "y": 2047
      }
    },
    "X": {
      "0": {
        "x": 5268,
        "y": 5000
      }
    },
    "Zentaro": {
      "0": {
        "x": 4527,
        "y": 4279
      }
    }
  }
}