{
  "prefix": "file_",
  "postfix": "_",
  "type": [
    "icon"
  ],
  "version": "25.05.29.53857",
  "average_size": {
    "x": 444.6734693877551,
    "y": 544.9591836734694
  },
  "image_sizes": {
    "afigalu": {
      "0": {
        "x": 456,
        "y": 503
      },
      "1": {
        "x": 521,
        "y": 530
      },
      "2": {
        "x": 590,
        "y": 533
      },
      "3": {
        "x": 431,
        "y": 465
      },
      "4": {
        "x": 499,
        "y": 549
      },
      "5": {
        "x": 554,
        "y": 504
      }
    },
    "ashani": {
      "0": {
        "x": 515,
        "y": 550
      },
      "1": {
        "x": 419,
        "y": 523
      },
      "2": {
        "x": 560,
        "y": 479
      },
      "3": {
        "x": 419,
        "y": 470
      }
    },
    "ezzie": {
      "0": {
        "x": 574,
        "y": 602
      },
      "1": {
        "x": 444,
        "y": 495
      },
      "2": {
        "x": 503,
        "y": 557
      },
      "3": {
        "x": 479,
        "y": 468
      },
      "4": {
        "x": 391,
        "y": 519
      }
    },
    "kidd": {
      "0": {
        "x": 492,
        "y": 548
      },
      "1": {
        "x": 361,
        "y": 508
      },
      "2": {
        "x": 360,
        "y": 506
      },
      "3": {
        "x": 356,
        "y": 512
      },
      "4": {
        "x": 336,
        "y": 506
      }
    },
    "raymer": {
      "0": {
        "x": 513,
        "y": 596
      },
      "1": {
        "x": 441,
        "y": 546
      },
      "2": {
        "x": 339,
        "y": 550
      },
      "3": {
        "x": 417,
        "y": 571
      },
      "4": {
        "x": 363,
        "y": 596
      },
      "5": {
        "x": 413,
        "y": 589
      }
    },
    "reina": {
      "0": {
        "x": 579,
        "y": 597
      },
      "1": {
        "x": 470,
        "y": 594
      }
    },
    "seth": {
      "0": {
        "x": 483,
        "y": 585
      },
      "1": {
        "x": 488,
        "y": 543
      }
    },
    "torment": {
      "0": {
        "x": 450,
        "y": 473
      }
    },
    "urdah": {
      "0": {
        "x": 484,
        "y": 558
      },
      "1": {
        "x": 373,
        "y": 501
      },
      "2": {
        "x": 412,
        "y": 495
      },
      "3": {
        "x": 386,
        "y": 514
      },
      "4": {
        "x": 408,
        "y": 545
      },
      "5": {
        "x": 392,
        "y": 499
      }
    },
    "velora": {
      "0": {
        "x": 490,
        "y": 568
      }
    },
    "weishan": {
      "0": {
        "x": 561,
        "y": 735
      },
      "1": {
        "x": 412,
        "y": 609
      },
      "2": {
        "x": 426,
        "y": 613
      },
      "3": {
        "x": 369,
        "y": 667
      },
      "4": {
        "x": 414,
        "y": 596
      },
      "5": {
        "x": 445,
        "y": 551
      }
    },
    "zhurong": {
      "0": {
        "x": 441,
        "y": 675
      },
      "1": {
        "x": 376,
        "y": 561
      },
      "2": {
        "x": 477,
        "y": 536
      },
      "3": {
        "x": 374,
        "y": 468
      },
      "4": {
        "x": 333,
        "y": 445
      }
    }
  }
}