{
  "name": "Portraits",
  "prefix": "tss_",
  "postfix": "_",
  "type": [
    "full"
  ],
  "version": "25.02.01.1720",
  "average_size": {
    "x": 1119.4285714285713,
    "y": 1386.857142857143
  },
  "image_sizes": {
    "arthur": {
      "0": {
        "x": 1152,
        "y": 1352
      }
    },
    "darkran": {
      "0": {
        "x": 1048,
        "y": 1376
      }
    },
    "griffon": {
      "0": {
        "x": 1152,
        "y": 1408
      }
    },
    "kim": {
      "0": {
        "x": 1152,
        "y": 1408
      }
    },
    "memory": {
      "0": {
        "x": 1152,
        "y": 1384
      }
    },
    "mevious": {
      "0": {
        "x": 1152,
        "y": 1400
      }
    },
    "mp": {
      "0": {
        "x": 1144,
        "y": 1368
      }
    },
    "nanja": {
      "0": {
        "x": 1032,
        "y": 1400
      }
    },
    "ran": {
      "0": {
        "x": 1048,
        "y": 1376
      }
    },
    "sprites": {
      "0": {
        "x": 1128,
        "y": 1408
      },
      "1": {
        "x": 1128,
        "y": 1408
      }
    },
    "till": {
      "0": {
        "x": 1080,
        "y": 1368
      }
    },
    "tl": {
      "0": {
        "x": 1152,
        "y": 1360
      }
    },
    "yan": {
      "0": {
        "x": 1152,
        "y": 1400
      }
    }
  }
}