{
  "prefix": "icon_",
  "postfix": "_",
  "type": [
    "icon"
  ],
  "version": "25.02.01.1720",
  "average_size": {
    "x": 699.3846153846154,
    "y": 975.6923076923077
  },
  "image_sizes": {
    "biaggi": {
      "0": {
        "x": 716,
        "y": 1003
      },
      "1": {
        "x": 716,
        "y": 1003
      }
    },
    "costa": {
      "0": {
        "x": 728,
        "y": 996
      },
      "1": {
        "x": 728,
        "y": 996
      }
    },
    "delys": {
      "0": {
        "x": 624,
        "y": 972
      },
      "1": {
        "x": 624,
        "y": 972
      }
    },
    "discman": {
      "0": {
        "x": 503,
        "y": 1033
      },
      "1": {
        "x": 503,
        "y": 1033
      }
    },
    "gx03": {
      "0": {
        "x": 675,
        "y": 941
      },
      "1": {
        "x": 675,
        "y": 941
      }
    },
    "ho": {
      "0": {
        "x": 644,
        "y": 992
      },
      "1": {
        "x": 644,
        "y": 992
      }
    },
    "max": {
      "0": {
        "x": 696,
        "y": 1012
      },
      "1": {
        "x": 696,
        "y": 1012
      }
    },
    "miller": {
      "0": {
        "x": 787,
        "y": 930
      },
      "1": {
        "x": 787,
        "y": 930
      }
    },
    "mita": {
      "0": {
        "x": 726,
        "y": 931
      },
      "1": {
        "x": 726,
        "y": 931
      }
    },
    "raposa": {
      "0": {
        "x": 759,
        "y": 904
      },
      "1": {
        "x": 759,
        "y": 904
      }
    },
    "scott": {
      "0": {
        "x": 683,
        "y": 973
      },
      "1": {
        "x": 683,
        "y": 973
      }
    },
    "szalinski": {
      "0": {
        "x": 733,
        "y": 1003
      },
      "1": {
        "x": 733,
        "y": 1003
      }
    },
    "wessel": {
      "0": {
        "x": 818,
        "y": 994
      },
      "1": {
        "x": 818,
        "y": 994
      }
    }
  }
}