{
  "prefix": "icon_hd_",
  "postfix": "_",
  "type": [
    "icon"
  ],
  "version": "25.02.01.1720",
  "average_size": {
    "x": 125.91304347826087,
    "y": 125.91304347826087
  },
  "image_sizes": {
    "00": {
      "0": {
        "x": 128,
        "y": 128
      },
      "16": {
        "x": 128,
        "y": 128
      }
    },
    "01": {
      "0": {
        "x": 128,
        "y": 128
      }
    },
    "02": {
      "0": {
        "x": 128,
        "y": 128
      }
    },
    "03": {
      "0": {
        "x": 128,
        "y": 128
      }
    },
    "04": {
      "0": {
        "x": 128,
        "y": 128
      }
    },
    "05": {
      "0": {
        "x": 128,
        "y": 128
      }
    },
    "06": {
      "0": {
        "x": 128,
        "y": 128
      }
    },
    "07": {
      "0": {
        "x": 128,
        "y": 128
      }
    },
    "08": {
      "0": {
        "x": 128,
        "y": 128
      }
    },
    "09": {
      "0": {
        "x": 128,
        "y": 128
      }
    },
    "10": {
      "0": {
        "x": 128,
        "y": 128
      }
    },
    "11": {
      "0": {
        "x": 128,
        "y": 128
      }
    },
    "12": {
      "0": {
        "x": 128,
        "y": 128
      }
    },
    "13": {
      "0": {
        "x": 128,
        "y": 128
      }
    },
    "14": {
      "0": {
        "x": 128,
        "y": 128
      }
    },
    "15": {
      "0": {
        "x": 128,
        "y": 128
      }
    },
    "16": {
      "0": {
        "x": 128,
        "y": 128
      }
    },
    "17": {
      "0": {
        "x": 128,
        "y": 128
      }
    },
    "18": {
      "0": {
        "x": 128,
        "y": 128
      }
    },
    "180": {
      "0": {
        "x": 128,
        "y": 128
      }
    },
    "19": {
      "0": {
        "x": 128,
        "y": 128
      }
    },
    "21": {
      "0": {
        "x": 128,
        "y": 128
      }
    },
    "22": {
      "0": {
        "x": 128,
        "y": 128
      }
    },
    "23": {
      "0": {
        "x": 128,
        "y": 128
      }
    },
    "24": {
      "0": {
        "x": 128,
        "y": 128
      }
    },
    "25": {
      "0": {
        "x": 128,
        "y": 128
      }
    },
    "26": {
      "0": {
        "x": 128,
        "y": 128
      }
    },
    "27": {
      "0": {
        "x": 128,
        "y": 128
      }
    },
    "28": {
      "0": {
        "x": 128,
        "y": 128
      }
    },
    "29": {
      "0": {
        "x": 128,
        "y": 128
      }
    },
    "30": {
      "0": {
        "x": 128,
        "y": 128
      }
    },
    "31": {
      "0": {
        "x": 128,
        "y": 128
      }
    },
    "32": {
      "0": {
        "x": 128,
        "y": 128
      }
    },
    "33": {
      "0": {
        "x": 128,
        "y": 128
      }
    },
    "34": {
      "0": {
        "x": 128,
        "y": 128
      }
    },
    "36": {
      "0": {
        "x": 128,
        "y": 128
      }
    },
    "37": {
      "0": {
        "x": 128,
        "y": 128
      }
    },
    "39": {
      "0": {
        "x": 128,
        "y": 128
      }
    },
    "40": {
      "0": {
        "x": 128,
        "y": 128
      }
    },
    "42": {
      "0": {
        "x": 128,
        "y": 128
      }
    },
    "43": {
      "0": {
        "x": 128,
        "y": 128
      }
    },
    "44": {
      "0": {
        "x": 128,
        "y": 128
      }
    },
    "45": {
      "0": {
        "x": 128,
        "y": 128
      }
    },
    "46": {
      "0": {
        "x": 128,
        "y": 128
      }
    },
    "50": {
      "0": {
        "x": 32,
        "y": 32
      }
    }
  }
}