{
    "prefix": "file_",
    "postfix": "_",
    "type": [
        "icon"
    ],
    "version": "1.0",
    "uncropped_edge": [
        "u",
        "r",
        "d",
        "l"
    ],
    "rescaling_factor": {
        "AmyRose": {
            "0": 0.6858710562414266
        },
        "BigtheCat": {
            "0": 1.5220700152207
        },
        "Chaos": {
            "0": 0.28901734104046245
        },
        "ChaoWalker": {
            "0": 1.1210762331838564
        },
        "DrEggman": {
            "0": 0.3189792663476874
        },
        "KnucklestheEchidna": {
            "0": 0.8726003490401396
        },
        "MetalSonic": {
            "0": 1.1415525114155252
        },
        "MilesTailsPrower": {
            "0": 1.0706638115631693
        },
        "RougetheBat": {
            "0": 1.002004008016032
        },
        "ShadowtheHedgehog": {
            "0": 1.0570824524312896
        },
        "SonictheHedgehog": {
            "0": 0.47551117451260105
        },
        "SuperShadow": {
            "0": 0.6915629322268326
        },
        "SuperSonic": {
            "0": 0.508130081300813
        },
        "Tikal": {
            "0": 0.4083299305839118
        }
    },
    "eyesights": {
        "AmyRose": {
            "0": {
                "x": 457,
                "y": 434
            }
        },
        "BigtheCat": {
            "0": {
                "x": 388,
                "y": 142
            }
        },
        "ChaoWalker": {
            "0": {
                "x": 382,
                "y": 374
            }
        },
        "Chaos": {
            "0": {
                "x": 1529,
                "y": 1139
            }
        },
        "DrEggman": {
            "0": {
                "x": 1576,
                "y": 199
            }
        },
        "KnucklestheEchidna": {
            "0": {
                "x": 568,
                "y": 229
            }
        },
        "MetalSonic": {
            "0": {
                "x": 280,
                "y": 307
            }
        },
        "MilesTailsPrower": {
            "0": {
                "x": 227,
                "y": 295
            }
        },
        "RougetheBat": {
            "0": {
                "x": 384,
                "y": 302
            }
        },
        "ShadowtheHedgehog": {
            "0": {
                "x": 339,
                "y": 326
            }
        },
        "SonictheHedgehog": {
            "0": {
                "x": 389,
                "y": 693
            }
        },
        "SuperShadow": {
            "0": {
                "x": 708,
                "y": 930
            }
        },
        "SuperSonic": {
            "0": {
                "x": 500,
                "y": 885
            }
        },
        "Tikal": {
            "0": {
                "x": 1459,
                "y": 662
            }
        }
    },
    "average_size": {
        "x": 1274,
        "y": 1649
    }
}