{
  "prefix": "file_",
  "postfix": "_",
  "type": [
    "icon"
  ],
  "version": "1.0",
  "uncropped_edge": [
    "u",
    "r",
    "d",
    "l"
  ],
  "rescaling_factor": {
    "AmyRose": {
      "0": 0.68587105624142661179698216735254
    },
    "BigtheCat": {
      "0": 1.52207001522070015220700152207
    },
    "Chaos": {
      "0": 0.28901734104046242774566473988439
    },
    "ChaoWalker": {
      "0": 1.1210762331838565022421524663677
    },
    "DrEggman": {
      "0": 0.31897926634768740031897926634769
    },
    "KnucklestheEchidna": {
      "0": 0.87260034904013961605584642233857
    },
    "MetalSonic": {
      "0": 1.1415525114155251141552511415525
    },
    "MilesTailsPrower": {
      "0": 1.0706638115631691648822269807281
    },
    "RougetheBat": {
      "0": 1.0020040080160320641282565130261
    },
    "ShadowtheHedgehog": {
      "0": 1.0570824524312896405919661733615
    },
    "SonictheHedgehog": {
      "0": 0.4755111745126010461245839277223
    },
    "SuperShadow": {
      "0": 0.69156293222683264177040110650069
    },
    "SuperSonic": {
      "0": 0.50813008130081300813008130081301
    },
    "Tikal": {
      "0": 0.40832993058391180073499387505104
    }
  },
  "eyesights": {
    "AmyRose": {
      "0": {
        "x": 457,
        "y": 434
      }
    },
    "BigtheCat": {
      "0": {
        "x": 388,
        "y": 142
      }
    },
    "ChaoWalker": {
      "0": {
        "x": 382,
        "y": 374
      }
    },
    "Chaos": {
      "0": {
        "x": 1529,
        "y": 1139
      }
    },
    "DrEggman": {
      "0": {
        "x": 1576,
        "y": 199
      }
    },
    "KnucklestheEchidna": {
      "0": {
        "x": 568,
        "y": 229
      }
    },
    "MetalSonic": {
      "0": {
        "x": 280,
        "y": 307
      }
    },
    "MilesTailsPrower": {
      "0": {
        "x": 227,
        "y": 295
      }
    },
    "RougetheBat": {
      "0": {
        "x": 384,
        "y": 302
      }
    },
    "ShadowtheHedgehog": {
      "0": {
        "x": 339,
        "y": 326
      }
    },
    "SonictheHedgehog": {
      "0": {
        "x": 389,
        "y": 693
      }
    },
    "SuperShadow": {
      "0": {
        "x": 708,
        "y": 930
      }
    },
    "SuperSonic": {
      "0": {
        "x": 500,
        "y": 885
      }
    },
    "Tikal": {
      "0": {
        "x": 1459,
        "y": 662
      }
    }
  }
}