{
  "prefix": "RoA2_",
  "postfix": "_",
  "type": [
    "icon"
  ],
  "version": "25.04.04.65040",
  "uncropped_edge": [
    "u",
    "d",
    "l",
    "r"
  ],
  "average_size": {
    "x": 254.33333333333334,
    "y": 254.33333333333334
  },
  "rescaling_factor": {
    "Kragg": {
      "0": 0.6956521739130435
    },
    "Ranno": {
      "0": 0.7420289855072464
    },
    "Wrastor": {
      "0": 0.7687687687687688
    },
    "Zetterburn": {
      "0": 0.7398843930635838
    },
    "Fleet": {
      "0": 0.7377521613832853
    },
    "Maypul": {
      "0": 0.7551622418879056
    },
    "Clairen": {
      "0": 0.7231638418079096
    },
    "Loxodont": {
      "0": 0.6701570680628273
    },
    "Orcane": {
      "0": 0.7211267605633803
    },
    "Forsburn": {
      "0": 0.7252124645892352
    },
    "Etalus": {
      "0": 0.9624060150375939
    }
  }
}