{
  "prefix": "RoA2_",
  "postfix": "_",
  "type": [
    "icon"
  ],
  "version": "25.10.07.80848",
  "uncropped_edge": [
    "u",
    "d",
    "l",
    "r"
  ],
  "average_size": {
    "x": 256.0,
    "y": 256.0
  },
  "rescaling_factor": {
    "Kragg": {
      "0": 0.6956521739130435
    },
    "Ranno": {
      "0": 0.7420289855072464
    },
    "Wrastor": {
      "0": 0.7687687687687688
    },
    "Zetterburn": {
      "0": 0.7398843930635838
    },
    "Fleet": {
      "0": 0.7377521613832853
    },
    "Maypul": {
      "0": 0.7551622418879056
    },
    "Clairen": {
      "0": 0.7231638418079096
    },
    "Loxodont": {
      "0": 0.6701570680628273
    },
    "Orcane": {
      "0": 0.7211267605633803
    },
    "Forsburn": {
      "0": 0.7252124645892352
    },
    "Etalus": {
      "0": 0.9624060150375939
    },
    "Olympia": {
      "0": 1.0847457627118644
    },
    "Absa": {
      "0": 0.5
    },
    "Galvan": {
      "0": 1.0
    }
  },
  "image_sizes": {
    "Absa": {
      "0": {
        "x": 512,
        "y": 512
      }
    },
    "Clairen": {
      "0": {
        "x": 354,
        "y": 354
      }
    },
    "Etalus": {
      "0": {
        "x": 266,
        "y": 266
      }
    },
    "Fleet": {
      "0": {
        "x": 347,
        "y": 347
      }
    },
    "Forsburn": {
      "0": {
        "x": 353,
        "y": 353
      }
    },
    "Galvan": {
      "0": {
        "x": 256,
        "y": 256
      }
    },
    "Kragg": {
      "0": {
        "x": 368,
        "y": 368
      }
    },
    "Loxodont": {
      "0": {
        "x": 382,
        "y": 382
      }
    },
    "Maypul": {
      "0": {
        "x": 339,
        "y": 339
      }
    },
    "Olympia": {
      "0": {
        "x": 236,
        "y": 236
      }
    },
    "Orcane": {
      "0": {
        "x": 355,
        "y": 355
      }
    },
    "Ranno": {
      "0": {
        "x": 345,
        "y": 345
      }
    },
    "Reina": {
      "0": {
        "x": 128,
        "y": 128
      }
    },
    "Wrastor": {
      "0": {
        "x": 333,
        "y": 333
      }
    },
    "Zetterburn": {
      "0": {
        "x": 346,
        "y": 346
      }
    }
  }
}