{
  "prefix": "33486_",
  "postfix": "_",
  "type": [
    "icon"
  ],
  "version": "25.05.29.53857",
  "average_size": {
    "x": 129.61111111111111,
    "y": 160.72222222222223
  },
  "image_sizes": {
    "01": {
      "0": {
        "x": 130,
        "y": 161
      }
    },
    "02": {
      "0": {
        "x": 129,
        "y": 161
      }
    },
    "03": {
      "0": {
        "x": 130,
        "y": 161
      }
    },
    "04": {
      "0": {
        "x": 129,
        "y": 161
      }
    },
    "05": {
      "0": {
        "x": 130,
        "y": 161
      }
    },
    "06": {
      "0": {
        "x": 130,
        "y": 161
      }
    },
    "07": {
      "0": {
        "x": 129,
        "y": 161
      }
    },
    "08": {
      "0": {
        "x": 130,
        "y": 161
      }
    },
    "09": {
      "0": {
        "x": 129,
        "y": 161
      }
    },
    "10": {
      "0": {
        "x": 130,
        "y": 161
      }
    },
    "11": {
      "0": {
        "x": 130,
        "y": 160
      }
    },
    "12": {
      "0": {
        "x": 129,
        "y": 160
      }
    },
    "13": {
      "0": {
        "x": 130,
        "y": 160
      }
    },
    "14": {
      "0": {
        "x": 129,
        "y": 160
      }
    },
    "15": {
      "0": {
        "x": 130,
        "y": 160
      }
    },
    "16": {
      "0": {
        "x": 130,
        "y": 161
      }
    },
    "17": {
      "0": {
        "x": 129,
        "y": 161
      }
    },
    "18": {
      "0": {
        "x": 130,
        "y": 161
      }
    }
  }
}