{
  "name": "Portraits",
  "description": "Character portraits",
  "prefix": "full_",
  "postfix": "_",
  "type": [
    "full"
  ],
  "credits": "",
  "version": "25.10.21.79345",
  "uncropped_edge": [
    "u",
    "d",
    "l",
    "r"
  ],
  "rescaling_factor": {
    "AgentG": {
      "0": 1.665556295802798
    },
    "ARN01D": {
      "0": 0.891583452211127
    },
    "Cid": {
      "0": 1.9230769230769231
    },
    "Dog": {
      "0": 1.9230769230769231
    },
    "Gat": {
      "0": 0.7532389273877674
    },
    "Maxx": {
      "0": 1.9230769230769231
    },
    "Roy": {
      "0": 1.78826895565093
    },
    "Tyara": {
      "0": 1.9083969465648856
    },
    "Reno": {
      "0": 1.3014055179593962
    }
  },
  "image_sizes": {
    "ARN01D": {
      "0": {
        "x": 1944,
        "y": 2804
      }
    },
    "AgentG": {
      "0": {
        "x": 1280,
        "y": 1501
      }
    },
    "Cid": {
      "0": {
        "x": 685,
        "y": 1300
      }
    },
    "Dog": {
      "0": {
        "x": 967,
        "y": 1300
      }
    },
    "Gat": {
      "0": {
        "x": 2126,
        "y": 3319
      }
    },
    "Maxx": {
      "0": {
        "x": 696,
        "y": 1300
      }
    },
    "Reno": {
      "0": {
        "x": 1280,
        "y": 1921
      }
    },
    "Roy": {
      "0": {
        "x": 616,
        "y": 1398
      }
    },
    "Tyara": {
      "0": {
        "x": 714,
        "y": 1310
      }
    }
  },
  "average_size": {
    "x": 1567.9876693614833,
    "y": 2500.0
  }
}