{
  "prefix": "file_",
  "postfix": "_Colors_",
  "type": [
    "icon"
  ],
  "version": "25.05.29.53857",
  "uncropped_edge": [
    "u",
    "r"
  ],
  "eyesights": {
    "10": {
      "0": {
        "x": 499,
        "y": 292
      },
      "8": {
        "x": 499,
        "y": 292
      },
      "9": {
        "x": 499,
        "y": 292
      }
    },
    "11": {
      "0": {
        "x": 495,
        "y": 461
      }
    },
    "12": {
      "0": {
        "x": 551,
        "y": 336
      }
    },
    "13": {
      "0": {
        "x": 394,
        "y": 231
      }
    },
    "14": {
      "0": {
        "x": 228,
        "y": 254
      },
      "8": {
        "x": 232,
        "y": 254
      },
      "9": {
        "x": 232,
        "y": 254
      }
    },
    "15": {
      "0": {
        "x": 537,
        "y": 269
      }
    },
    "16": {
      "0": {
        "x": 549,
        "y": 356
      }
    },
    "17": {
      "0": {
        "x": 267,
        "y": 295
      },
      "8": {
        "x": 268,
        "y": 275
      },
      "9": {
        "x": 268,
        "y": 275
      }
    },
    "18": {
      "0": {
        "x": 542,
        "y": 435
      }
    },
    "19": {
      "0": {
        "x": 501,
        "y": 226
      }
    },
    "2": {
      "0": {
        "x": 532,
        "y": 376
      },
      "8": {
        "x": 540,
        "y": 376
      },
      "9": {
        "x": 540,
        "y": 376
      }
    },
    "3": {
      "0": {
        "x": 309,
        "y": 442
      },
      "8": {
        "x": 443,
        "y": 442
      },
      "9": {
        "x": 443,
        "y": 442
      }
    },
    "4": {
      "0": {
        "x": 474,
        "y": 245
      },
      "8": {
        "x": 512,
        "y": 266
      },
      "9": {
        "x": 512,
        "y": 266
      }
    },
    "5": {
      "0": {
        "x": 267,
        "y": 262
      },
      "8": {
        "x": 267,
        "y": 312
      },
      "9": {
        "x": 267,
        "y": 312
      }
    },
    "6": {
      "0": {
        "x": 437,
        "y": 406
      }
    },
    "7": {
      "0": {
        "x": 282,
        "y": 279
      }
    },
    "8": {
      "0": {
        "x": 318,
        "y": 263
      },
      "8": {
        "x": 313,
        "y": 370
      },
      "9": {
        "x": 313,
        "y": 370
      }
    },
    "9": {
      "0": {
        "x": 279,
        "y": 266
      }
    }
  },
  "average_size": {
    "x": 712.55,
    "y": 866.54375
  },
  "image_sizes": {
    "10": {
      "0": {
        "x": 760,
        "y": 843
      },
      "1": {
        "x": 760,
        "y": 843
      },
      "2": {
        "x": 760,
        "y": 843
      },
      "3": {
        "x": 760,
        "y": 843
      },
      "4": {
        "x": 760,
        "y": 843
      },
      "5": {
        "x": 760,
        "y": 843
      },
      "6": {
        "x": 760,
        "y": 843
      },
      "7": {
        "x": 760,
        "y": 843
      },
      "8": {
        "x": 760,
        "y": 843
      },
      "9": {
        "x": 760,
        "y": 843
      }
    },
    "11": {
      "0": {
        "x": 900,
        "y": 1079
      },
      "1": {
        "x": 900,
        "y": 1079
      },
      "2": {
        "x": 900,
        "y": 1079
      },
      "3": {
        "x": 900,
        "y": 1079
      },
      "4": {
        "x": 900,
        "y": 1079
      },
      "5": {
        "x": 900,
        "y": 1079
      },
      "6": {
        "x": 900,
        "y": 1079
      },
      "7": {
        "x": 900,
        "y": 1079
      }
    },
    "12": {
      "0": {
        "x": 862,
        "y": 984
      },
      "1": {
        "x": 862,
        "y": 984
      },
      "2": {
        "x": 862,
        "y": 984
      },
      "3": {
        "x": 862,
        "y": 984
      },
      "4": {
        "x": 862,
        "y": 984
      },
      "5": {
        "x": 862,
        "y": 984
      },
      "6": {
        "x": 862,
        "y": 984
      },
      "7": {
        "x": 862,
        "y": 984
      }
    },
    "13": {
      "0": {
        "x": 655,
        "y": 784
      },
      "1": {
        "x": 655,
        "y": 784
      },
      "2": {
        "x": 655,
        "y": 784
      },
      "3": {
        "x": 655,
        "y": 784
      },
      "4": {
        "x": 655,
        "y": 784
      },
      "5": {
        "x": 655,
        "y": 784
      },
      "6": {
        "x": 655,
        "y": 784
      },
      "7": {
        "x": 655,
        "y": 784
      }
    },
    "14": {
      "0": {
        "x": 472,
        "y": 783
      },
      "1": {
        "x": 472,
        "y": 783
      },
      "2": {
        "x": 472,
        "y": 783
      },
      "3": {
        "x": 472,
        "y": 783
      },
      "4": {
        "x": 472,
        "y": 783
      },
      "5": {
        "x": 472,
        "y": 783
      },
      "6": {
        "x": 472,
        "y": 783
      },
      "7": {
        "x": 472,
        "y": 783
      },
      "8": {
        "x": 478,
        "y": 783
      },
      "9": {
        "x": 478,
        "y": 783
      }
    },
    "15": {
      "0": {
        "x": 948,
        "y": 922
      },
      "1": {
        "x": 948,
        "y": 922
      },
      "2": {
        "x": 948,
        "y": 922
      },
      "3": {
        "x": 948,
        "y": 922
      },
      "4": {
        "x": 948,
        "y": 922
      },
      "5": {
        "x": 948,
        "y": 923
      },
      "6": {
        "x": 948,
        "y": 923
      },
      "7": {
        "x": 948,
        "y": 923
      }
    },
    "16": {
      "0": {
        "x": 765,
        "y": 922
      },
      "1": {
        "x": 765,
        "y": 922
      },
      "2": {
        "x": 765,
        "y": 922
      },
      "3": {
        "x": 765,
        "y": 922
      },
      "4": {
        "x": 765,
        "y": 922
      },
      "5": {
        "x": 765,
        "y": 922
      },
      "6": {
        "x": 765,
        "y": 922
      },
      "7": {
        "x": 765,
        "y": 922
      }
    },
    "17": {
      "0": {
        "x": 547,
        "y": 826
      },
      "1": {
        "x": 547,
        "y": 826
      },
      "2": {
        "x": 547,
        "y": 826
      },
      "3": {
        "x": 547,
        "y": 826
      },
      "4": {
        "x": 547,
        "y": 826
      },
      "5": {
        "x": 547,
        "y": 826
      },
      "6": {
        "x": 547,
        "y": 826
      },
      "7": {
        "x": 547,
        "y": 826
      },
      "8": {
        "x": 547,
        "y": 801
      },
      "9": {
        "x": 547,
        "y": 801
      }
    },
    "18": {
      "0": {
        "x": 838,
        "y": 918
      },
      "1": {
        "x": 838,
        "y": 918
      },
      "2": {
        "x": 838,
        "y": 918
      },
      "3": {
        "x": 838,
        "y": 918
      },
      "4": {
        "x": 838,
        "y": 918
      },
      "5": {
        "x": 838,
        "y": 918
      },
      "6": {
        "x": 838,
        "y": 918
      },
      "7": {
        "x": 838,
        "y": 918
      }
    },
    "19": {
      "0": {
        "x": 935,
        "y": 841
      },
      "1": {
        "x": 935,
        "y": 841
      },
      "2": {
        "x": 935,
        "y": 841
      },
      "3": {
        "x": 935,
        "y": 841
      },
      "4": {
        "x": 935,
        "y": 841
      },
      "5": {
        "x": 935,
        "y": 841
      },
      "6": {
        "x": 935,
        "y": 841
      },
      "7": {
        "x": 935,
        "y": 841
      }
    },
    "2": {
      "0": {
        "x": 910,
        "y": 919
      },
      "1": {
        "x": 910,
        "y": 919
      },
      "2": {
        "x": 910,
        "y": 919
      },
      "3": {
        "x": 910,
        "y": 919
      },
      "4": {
        "x": 910,
        "y": 919
      },
      "5": {
        "x": 910,
        "y": 919
      },
      "6": {
        "x": 910,